{
    "cpu_percent": 9.3,
    "cpu_per_core": [
        0.0,
        0.0,
        33.8,
        0.0,
        20.3,
        0.0,
        24.2,
        0.0,
        20.0,
        0.0,
        3.1,
        0.0,
        3.2,
        1.6,
        6.2,
        4.8
    ],
    "cpu_freq": {
        "current": 2500.0,
        "min": 0.0,
        "max": 2500.0
    },
    "ram_used": 14.117050170898438,
    "ram_total": 31.635082244873047,
    "ram_percent": 44.6,
    "swap_percent": 1.7,
    "disk_total": 474.71581649780273,
    "disk_used": 165.23745346069336,
    "disk_percent": 34.8,
    "read_bytes": 57.561553955078125,
    "write_bytes": 75.68928098678589,
    "cpu_temp": null,
    "system_temp": null
}