{
    "cpu_percent": 6.4,
    "cpu_per_core": [
        0.0,
        26.9,
        30.8,
        0.0,
        19.4,
        0.0,
        9.4,
        0.0,
        7.7,
        0.0,
        1.5,
        0.0,
        1.6,
        3.1,
        3.1,
        4.7
    ],
    "cpu_freq": {
        "current": 2500.0,
        "min": 0.0,
        "max": 2500.0
    },
    "ram_used": 15.326576232910156,
    "ram_total": 31.635082244873047,
    "ram_percent": 48.4,
    "swap_percent": 4.0,
    "disk_total": 474.71581649780273,
    "disk_used": 164.89138412475586,
    "disk_percent": 34.7,
    "read_bytes": 48.02277612686157,
    "write_bytes": 66.35533571243286,
    "cpu_temp": null,
    "system_temp": null
}