{
    "cpu_percent": 11.5,
    "cpu_per_core": [
        26.5,
        0.0,
        23.4,
        0.0,
        0.0,
        34.4,
        18.8,
        0.0,
        18.8,
        0.0,
        18.5,
        3.1,
        6.2,
        10.9,
        9.4,
        7.8
    ],
    "cpu_freq": {
        "current": 2500.0,
        "min": 0.0,
        "max": 2500.0
    },
    "ram_used": 13.680343627929688,
    "ram_total": 31.635082244873047,
    "ram_percent": 43.2,
    "swap_percent": 0.1,
    "disk_total": 474.71581649780273,
    "disk_used": 167.5981674194336,
    "disk_percent": 35.3,
    "read_bytes": 15.128501415252686,
    "write_bytes": 10.739957809448242,
    "cpu_temp": null,
    "system_temp": null,
    "date_log": "03/13/26",
    "time_log": "09:12 AM"
}