{
    "cpu_percent": 10.4,
    "cpu_per_core": [
        23.4,
        6.2,
        17.5,
        3.2,
        35.8,
        3.1,
        35.9,
        6.2,
        26.2,
        3.1,
        20.3,
        1.6,
        6.2,
        4.7,
        4.7,
        3.1
    ],
    "cpu_freq": {
        "current": 2500.0,
        "min": 0.0,
        "max": 2500.0
    },
    "ram_used": 10.083610534667969,
    "ram_total": 31.635082244873047,
    "ram_percent": 31.9,
    "swap_percent": 0.0,
    "disk_total": 474.71581649780273,
    "disk_used": 167.8001251220703,
    "disk_percent": 35.3,
    "read_bytes": 7.750270843505859,
    "write_bytes": 5.301387310028076,
    "cpu_temp": null,
    "system_temp": null,
    "date_log": "03/25/26",
    "time_log": "09:52 AM"
}